{
	"bmi-installation" : null,
	"compiler-frontend-variant" : "MSVC",
	"compiler-id" : "MSVC",
	"compiler-simulate-id" : "",
	"config" : "Debug",
	"cxx-modules" : {},
	"database-info" : null,
	"dir-cur-bld" : "C:/Users/pincl/CLionProjects/Week7Project3/cmake-build-debug",
	"dir-cur-src" : "C:/Users/pincl/CLionProjects/Week7Project3",
	"dir-top-bld" : "C:/Users/pincl/CLionProjects/Week7Project3/cmake-build-debug",
	"dir-top-src" : "C:/Users/pincl/CLionProjects/Week7Project3",
	"exports" : [],
	"forward-modules-from-target-dirs" : [],
	"include-dirs" : [],
	"language" : "CXX",
	"linked-target-dirs" : [],
	"module-dir" : "C:/Users/pincl/CLionProjects/Week7Project3/cmake-build-debug/CMakeFiles/Week7Project3.dir",
	"sources" : 
	{
		"CMakeFiles/Week7Project3.dir/GroceryTracker.cpp.obj" : 
		{
			"language" : "CXX",
			"source" : "C:/Users/pincl/CLionProjects/Week7Project3/GroceryTracker.cpp"
		},
		"CMakeFiles/Week7Project3.dir/main.cpp.obj" : 
		{
			"language" : "CXX",
			"source" : "C:/Users/pincl/CLionProjects/Week7Project3/main.cpp"
		}
	}
}